{"stats":{"minecraft:picked_up":{"minecraft:squid_spawn_egg":2,"minecraft:stripped_oak_wood":222,"minecraft:netherite_hoe":6,"minecraft:glow_squid_spawn_egg":2},"minecraft:used":{"minecraft:glow_squid_spawn_egg":1,"minecraft:stripped_oak_wood":72,"minecraft:netherite_hoe":8,"minecraft:black_bundle":8},"minecraft:dropped":{"minecraft:squid_spawn_egg":2,"minecraft:netherite_hoe":130,"minecraft:stripped_oak_wood":222,"minecraft:glow_squid_spawn_egg":2},"minecraft:custom":{"minecraft:time_since_rest":13526,"minecraft:crouch_one_cm":385,"minecraft:play_time":13526,"minecraft:sprint_one_cm":13894,"minecraft:damage_taken":200,"minecraft:walk_one_cm":20597,"minecraft:sneak_time":196,"minecraft:walk_under_water_one_cm":129,"minecraft:drop":138,"minecraft:jump":178,"minecraft:damage_dealt":30,"minecraft:leave_game":6,"minecraft:walk_on_water_one_cm":1920,"minecraft:time_since_death":13526,"minecraft:total_world_time":13526,"minecraft:swim_one_cm":3071,"minecraft:fall_one_cm":4567,"minecraft:fly_one_cm":62019}},"DataVersion":4082}