{"minecraft:recipes/decorations/crafting_table":{"criteria":{"unlock_right_away":"2024-11-04 17:46:26 +0000"},"done":true},"minecraft:husbandry/obtain_netherite_hoe":{"criteria":{"netherite_hoe":"2024-11-04 17:46:26 +0000"},"done":true},"minecraft:adventure/adventuring_time":{"criteria":{"minecraft:forest":"2024-11-04 17:46:26 +0000","minecraft:river":"2024-11-04 17:59:29 +0000","minecraft:stony_shore":"2024-11-04 17:59:00 +0000","minecraft:plains":"2024-11-04 17:46:31 +0000"},"done":false},"minecraft:recipes/misc/charcoal":{"criteria":{"has_log":"2024-11-04 17:54:52 +0000"},"done":true},"minecraft:recipes/decorations/chest":{"criteria":{"has_lots_of_items":"2024-11-04 17:54:52 +0000"},"done":true},"minecraft:recipes/building_blocks/oak_planks":{"criteria":{"has_logs":"2024-11-04 17:54:52 +0000"},"done":true},"minecraft:recipes/transportation/mangrove_boat":{"criteria":{"in_water":"2024-11-04 17:59:26 +0000"},"done":true},"minecraft:recipes/transportation/acacia_boat":{"criteria":{"in_water":"2024-11-04 17:59:26 +0000"},"done":true},"minecraft:recipes/transportation/cherry_boat":{"criteria":{"in_water":"2024-11-04 17:59:26 +0000"},"done":true},"minecraft:recipes/transportation/bamboo_raft":{"criteria":{"in_water":"2024-11-04 17:59:26 +0000"},"done":true},"minecraft:recipes/transportation/spruce_boat":{"criteria":{"in_water":"2024-11-04 17:59:26 +0000"},"done":true},"minecraft:recipes/transportation/birch_boat":{"criteria":{"in_water":"2024-11-04 17:59:26 +0000"},"done":true},"minecraft:recipes/transportation/oak_boat":{"criteria":{"in_water":"2024-11-04 17:59:26 +0000"},"done":true},"minecraft:recipes/transportation/jungle_boat":{"criteria":{"in_water":"2024-11-04 17:59:26 +0000"},"done":true},"minecraft:recipes/transportation/dark_oak_boat":{"criteria":{"in_water":"2024-11-04 17:59:26 +0000"},"done":true},"DataVersion":4082}